model_name,task_type,algorithm_pair,ciphertext_size,train_size,test_size,accuracy,precision,recall,f1_score,training_time,random_seed,timestamp
SVM,multiclass,5-class,1KB,400,100,0.13,0.13883946488294313,0.13,0.13073637965824628,0.048159122467041016,42,2026-09-16T22:11:34.183533
KNN,multiclass,5-class,1KB,400,100,0.21,0.2300952380952381,0.21,0.20316801278241642,0.0159909725189209,42,2026-09-16T22:11:34.207996
RF,multiclass,5-class,1KB,400,100,0.22,0.2650225891526201,0.22,0.23231965955478684,0.06058669090270996,42,2026-09-16T22:11:34.274830
HKNNRF,multiclass,5-class,1KB,400,100,0.11,0.09076923076923078,0.11,0.09356556556556556,2.0829083919525146,42,2026-09-16T22:11:36.367048
MLP,multiclass,5-class,1KB,400,100,0.18,0.09962121212121212,0.18,0.11438596491228069,4.221477746963501,42,2026-09-16T22:11:40.597882
CNN,multiclass,5-class,1KB,400,100,0.17,0.12048076923076924,0.17,0.11970562770562769,5.7997050285339355,42,2026-09-16T22:11:46.406233
SVM,multiclass,5-class,8KB,399,100,0.1,0.09897346132128743,0.1,0.08985355785355786,0.05647754669189453,42,2026-09-16T22:11:46.468824
KNN,multiclass,5-class,8KB,399,100,0.19,0.1916216216216216,0.19,0.1768735732985981,0.010540246963500977,42,2026-09-16T22:11:46.485176
RF,multiclass,5-class,8KB,399,100,0.21,0.23611883160586888,0.21,0.21440997214167948,0.08219313621520996,42,2026-09-16T22:11:46.575622
HKNNRF,multiclass,5-class,8KB,399,100,0.14,0.1357382183034357,0.14,0.13041119612548183,0.22005677223205566,42,2026-09-16T22:11:46.803863
MLP,multiclass,5-class,8KB,399,100,0.15,0.04476290832455217,0.15,0.06600321027287319,3.913607597351074,42,2026-09-16T22:11:50.727481
CNN,multiclass,5-class,8KB,399,100,0.25,0.06958762886597937,0.25,0.10887096774193548,7.3067522048950195,42,2026-09-16T22:11:58.041364
SVM,multiclass,5-class,64KB,400,100,0.1,0.3287202380952381,0.1,0.10823333098589356,0.04410219192504883,42,2026-09-16T22:11:58.091996
KNN,multiclass,5-class,64KB,400,100,0.24,0.2614761904761905,0.24,0.2173389593528413,0.01774430274963379,42,2026-09-16T22:11:58.119993
RF,multiclass,5-class,64KB,400,100,0.16,0.16946662033618554,0.16,0.15962126600284496,0.0790863037109375,42,2026-09-16T22:11:58.206990
HKNNRF,multiclass,5-class,64KB,400,100,0.14,0.1585306577480491,0.14,0.14298770057255955,0.18800759315490723,42,2026-09-16T22:11:58.402027
MLP,multiclass,5-class,64KB,400,100,0.18,0.08307210031347961,0.18,0.11071219512195121,3.758016347885132,42,2026-09-16T22:12:02.168494
CNN,multiclass,5-class,64KB,400,100,0.17,0.17014354838709678,0.17,0.16436116082394642,7.171612739562988,42,2026-09-16T22:12:09.356283
SVM,multiclass,5-class,256KB,400,100,0.16,0.1369774844720497,0.16,0.1384266973740658,0.11217713356018066,42,2026-09-16T22:12:09.489916
KNN,multiclass,5-class,256KB,400,100,0.19,0.22845135035146136,0.19,0.17778195475385997,0.03317523002624512,42,2026-09-16T22:12:09.552535
RF,multiclass,5-class,256KB,400,100,0.21,0.20719298245614035,0.21,0.19459030624547866,0.18980956077575684,42,2026-09-16T22:12:09.766338
HKNNRF,multiclass,5-class,256KB,400,100,0.25,0.2844297898897441,0.25,0.2329039046060323,0.6804804801940918,42,2026-09-16T22:12:10.475328
MLP,multiclass,5-class,256KB,400,100,0.15,0.22926470588235293,0.15,0.11137583485124469,11.226067066192627,42,2026-09-16T22:12:21.716050
CNN,multiclass,5-class,256KB,400,100,0.24,0.14148977604673807,0.24,0.13767084095492707,12.547218322753906,42,2026-09-16T22:12:34.275954
SVM,multiclass,5-class,512KB,400,100,0.16,0.15070458952811894,0.16,0.13451737451737453,0.08294916152954102,42,2026-09-16T22:12:34.370417
KNN,multiclass,5-class,512KB,400,100,0.22,0.2043693263258481,0.22,0.18482393830780924,0.024236440658569336,42,2026-09-16T22:12:34.410797
RF,multiclass,5-class,512KB,400,100,0.21,0.21687394957983192,0.21,0.20659373088216434,0.1543571949005127,42,2026-09-16T22:12:34.589488
HKNNRF,multiclass,5-class,512KB,400,100,0.18,0.20155601261483613,0.18,0.16872846098378014,0.6773030757904053,42,2026-09-16T22:12:35.298540
MLP,multiclass,5-class,512KB,400,100,0.18,0.13286821705426355,0.18,0.14375939849624061,5.1938536167144775,42,2026-09-16T22:12:40.503211
CNN,multiclass,5-class,512KB,400,100,0.23,0.2015219512195122,0.23,0.2078112625088761,7.783191442489624,42,2026-09-16T22:12:48.293451
SVM,binary,AES and 3DES,1kb,160,40,0.35,0.3451406649616368,0.35,0.3467171717171717,0.013081073760986328,42,2026-09-16T22:12:48.318907
KNN,binary,AES and 3DES,1kb,160,40,0.425,0.4233585858585858,0.425,0.4239157762413576,0.013282060623168945,42,2026-09-16T22:12:48.342301
RF,binary,AES and 3DES,1kb,160,40,0.575,0.57625,0.575,0.5752657911194496,0.06663393974304199,42,2026-09-16T22:12:48.417928
HKNNRF,binary,AES and 3DES,1kb,160,40,0.475,0.4802083333333333,0.475,0.4700502828409805,0.24353623390197754,42,2026-09-16T22:12:48.668723
MLP,binary,AES and 3DES,1kb,160,40,0.525,0.7625,0.525,0.40797101449275364,3.4563937187194824,42,2026-09-16T22:12:52.133695
CNN,binary,AES and 3DES,1kb,160,40,0.475,0.22562500000000002,0.475,0.3059322033898305,5.154134035110474,42,2026-09-16T22:12:57.295091
SVM,binary,AES and Blowfish,1kb,160,40,0.425,0.4276515151515151,0.425,0.423921200750469,0.011007070541381836,42,2026-09-16T22:12:57.314218
KNN,binary,AES and Blowfish,1kb,160,40,0.475,0.47625,0.475,0.47532833020637905,0.01035308837890625,42,2026-09-16T22:12:57.333232
RF,binary,AES and Blowfish,1kb,160,40,0.525,0.5201923076923076,0.525,0.5142811089619601,0.04220128059387207,42,2026-09-16T22:12:57.381545
HKNNRF,binary,AES and Blowfish,1kb,160,40,0.525,0.5375,0.525,0.5144444444444444,0.19913792610168457,42,2026-09-16T22:12:57.590241
MLP,binary,AES and Blowfish,1kb,160,40,0.0,0.0,0.0,0.0,9.700829267501831,42,2026-09-16T22:13:07.303788
CNN,binary,AES and Blowfish,1kb,160,40,0.0,0.0,0.0,0.0,15.565911054611206,42,2026-09-16T22:13:22.880381
SVM,binary,AES and CAST,1kb,160,40,0.45,0.45,0.45,0.45,0.01721334457397461,42,2026-09-16T22:13:22.916511
KNN,binary,AES and CAST,1kb,160,40,0.4,0.38933333333333336,0.4,0.39079283887468036,0.019935131072998047,42,2026-09-16T22:13:22.944741
RF,binary,AES and CAST,1kb,160,40,0.45,0.4261755485893417,0.45,0.4206666666666667,0.06856083869934082,42,2026-09-16T22:13:23.019757
HKNNRF,binary,AES and CAST,1kb,160,40,0.5,0.5025062656641603,0.5,0.5,0.23163986206054688,42,2026-09-16T22:13:23.261808
MLP,binary,AES and CAST,1kb,160,40,0.0,0.0,0.0,0.0,17.604502201080322,42,2026-09-16T22:13:40.878882
CNN,binary,AES and CAST,1kb,160,40,0.125,0.23863636363636362,0.125,0.1640625,19.165635108947754,42,2026-09-16T22:14:00.057186
SVM,binary,AES and RC2,1kb,160,40,0.525,0.5291666666666667,0.525,0.524108818011257,0.01857471466064453,42,2026-09-16T22:14:00.085158
KNN,binary,AES and RC2,1kb,160,40,0.525,0.5238636363636363,0.525,0.5241043368950346,0.014997005462646484,42,2026-09-16T22:14:00.111307
RF,binary,AES and RC2,1kb,160,40,0.55,0.5473333333333333,0.55,0.5430946291560103,0.062030792236328125,42,2026-09-16T22:14:00.181929
HKNNRF,binary,AES and RC2,1kb,160,40,0.6,0.6,0.6,0.6,0.22468781471252441,42,2026-09-16T22:14:00.417119
MLP,binary,AES and RC2,1kb,160,40,0.0,0.0,0.0,0.0,16.28599452972412,42,2026-09-16T22:14:16.710635
CNN,binary,AES and RC2,1kb,160,40,0.0,0.0,0.0,0.0,17.96311330795288,42,2026-09-16T22:14:34.683463
SVM,binary,3DES and CAST,1kb,160,40,0.45,0.4522556390977444,0.45,0.45,0.01800394058227539,42,2026-09-16T22:14:34.769230
KNN,binary,3DES and CAST,1kb,160,40,0.4,0.4,0.4,0.4,0.016105175018310547,42,2026-09-16T22:14:34.797441
RF,binary,3DES and CAST,1kb,160,40,0.3,0.3,0.3,0.3,0.06347966194152832,42,2026-09-16T22:14:34.870240
HKNNRF,binary,3DES and CAST,1kb,160,40,0.475,0.4802083333333333,0.475,0.4700502828409805,0.2458512783050537,42,2026-09-16T22:14:35.126937
MLP,binary,3DES and CAST,1kb,160,40,0.525,0.275625,0.525,0.3614754098360656,17.595448970794678,42,2026-09-16T22:14:52.736879
CNN,binary,3DES and CAST,1kb,160,40,0.525,0.275625,0.525,0.3614754098360656,20.453306913375854,42,2026-09-16T22:15:13.202793
SVM,binary,3DES and RC2,1kb,160,40,0.525,0.52625,0.525,0.5252970606629143,0.016278982162475586,42,2026-09-16T22:15:13.226837
KNN,binary,3DES and RC2,1kb,160,40,0.525,0.521875,0.525,0.5204761904761904,0.011793136596679688,42,2026-09-16T22:15:13.246708
RF,binary,3DES and RC2,1kb,160,40,0.6,0.6030075187969924,0.6,0.6,0.06237030029296875,42,2026-09-16T22:15:13.317134
HKNNRF,binary,3DES and RC2,1kb,160,40,0.575,0.5734375,0.575,0.5709523809523809,0.19374370574951172,42,2026-09-16T22:15:13.518164
MLP,binary,3DES and RC2,1kb,160,40,0.525,0.275625,0.525,0.3614754098360656,17.75280475616455,42,2026-09-16T22:15:31.285144
CNN,binary,3DES and RC2,1kb,160,40,0.525,0.275625,0.525,0.3614754098360656,19.37899398803711,42,2026-09-16T22:15:50.671952
SVM,binary,AES and 3DES,8kb,160,40,0.55,0.5474358974358975,0.55,0.5359375,0.013809919357299805,42,2026-09-16T22:15:50.819011
KNN,binary,AES and 3DES,8kb,160,40,0.475,0.4736111111111111,0.475,0.47401005656819617,0.015554189682006836,42,2026-09-16T22:15:50.843295
RF,binary,AES and 3DES,8kb,160,40,0.4,0.40200501253132825,0.4,0.4,0.05427885055541992,42,2026-09-16T22:15:50.907096
HKNNRF,binary,AES and 3DES,8kb,160,40,0.525,0.5238636363636363,0.525,0.5241043368950346,0.21382451057434082,42,2026-09-16T22:15:51.127152
MLP,binary,AES and 3DES,8kb,160,40,0.575,0.6208333333333333,0.575,0.5473008558262015,3.610103130340576,42,2026-09-16T22:15:54.745437
CNN,binary,AES and 3DES,8kb,160,40,0.575,0.5854166666666666,0.575,0.5709930861093652,4.483469247817993,42,2026-09-16T22:15:59.238147
SVM,binary,AES and Blowfish,8kb,159,40,0.5,0.5025062656641603,0.5,0.5,0.018618106842041016,42,2026-09-16T22:15:59.268180
KNN,binary,AES and Blowfish,8kb,159,40,0.525,0.52625,0.525,0.5252970606629143,0.013576984405517578,42,2026-09-16T22:15:59.296037
RF,binary,AES and Blowfish,8kb,159,40,0.5,0.5051150895140666,0.5,0.49749373433583965,0.0523524284362793,42,2026-09-16T22:15:59.355307
HKNNRF,binary,AES and Blowfish,8kb,159,40,0.45,0.45358056265984653,0.45,0.44724310776942355,0.21163463592529297,42,2026-09-16T22:15:59.573487
MLP,binary,AES and Blowfish,8kb,159,40,0.0,0.0,0.0,0.0,10.256745338439941,42,2026-09-16T22:16:09.837458
CNN,binary,AES and Blowfish,8kb,159,40,0.0,0.0,0.0,0.0,6.540014982223511,42,2026-09-16T22:16:16.386468
SVM,binary,AES and CAST,8kb,160,40,0.55,0.5797805642633229,0.55,0.5265625,0.013796806335449219,42,2026-09-16T22:16:16.408109
KNN,binary,AES and CAST,8kb,160,40,0.4,0.39590792838874683,0.4,0.396969696969697,0.012039661407470703,42,2026-09-16T22:16:16.428185
RF,binary,AES and CAST,8kb,160,40,0.325,0.3261363636363636,0.325,0.32373358348968106,0.0485076904296875,42,2026-09-16T22:16:16.487623
HKNNRF,binary,AES and CAST,8kb,160,40,0.525,0.5328125,0.525,0.5205216844751728,0.20819306373596191,42,2026-09-16T22:16:16.704011
MLP,binary,AES and CAST,8kb,160,40,0.0,0.0,0.0,0.0,15.668075561523438,42,2026-09-16T22:16:32.379438
CNN,binary,AES and CAST,8kb,160,40,0.0,0.0,0.0,0.0,5.91032338142395,42,2026-09-16T22:16:38.302639
SVM,binary,AES and RC2,8kb,159,40,0.575,0.57625,0.575,0.5752657911194496,0.020565271377563477,42,2026-09-16T22:16:38.335259
KNN,binary,AES and RC2,8kb,159,40,0.4,0.39590792838874683,0.4,0.396969696969697,0.014865875244140625,42,2026-09-16T22:16:38.358570
RF,binary,AES and RC2,8kb,159,40,0.45,0.4466751918158568,0.45,0.44722222222222224,0.04807448387145996,42,2026-09-16T22:16:38.413919
HKNNRF,binary,AES and RC2,8kb,159,40,0.6,0.6081841432225064,0.6,0.5979949874686717,0.267167329788208,42,2026-09-16T22:16:38.690956
MLP,binary,AES and RC2,8kb,159,40,0.0,0.0,0.0,0.0,17.704289197921753,42,2026-09-16T22:16:56.402376
CNN,binary,AES and RC2,8kb,159,40,0.0,0.0,0.0,0.0,22.64805841445923,42,2026-09-16T22:17:19.062031
SVM,binary,3DES and Blowfish,8kb,160,40,0.575,0.57625,0.575,0.5752657911194496,0.01912999153137207,42,2026-09-16T22:17:19.093596
KNN,binary,3DES and Blowfish,8kb,160,40,0.625,0.6380208333333334,0.625,0.6214644877435576,0.013476371765136719,42,2026-09-16T22:17:19.116529
RF,binary,3DES and Blowfish,8kb,160,40,0.575,0.5734375,0.575,0.5709523809523809,0.06931877136230469,42,2026-09-16T22:17:19.196714
HKNNRF,binary,3DES and Blowfish,8kb,160,40,0.625,0.6243686868686869,0.625,0.6242928975487116,0.2434382438659668,42,2026-09-16T22:17:19.451118
MLP,binary,3DES and Blowfish,8kb,160,40,0.525,0.275625,0.525,0.3614754098360656,26.764950037002563,42,2026-09-16T22:17:46.231343
CNN,binary,3DES and Blowfish,8kb,160,40,0.525,0.275625,0.525,0.3614754098360656,31.300891637802124,42,2026-09-16T22:18:17.538489
SVM,binary,3DES and CAST,8kb,160,40,0.575,0.5743131868131868,0.575,0.5654094132817538,0.009745359420776367,42,2026-09-16T22:18:17.555414
KNN,binary,3DES and CAST,8kb,160,40,0.35,0.3451406649616368,0.35,0.3467171717171717,0.008778810501098633,42,2026-09-16T22:18:17.569831
RF,binary,3DES and CAST,8kb,160,40,0.525,0.5291666666666667,0.525,0.524108818011257,0.03897833824157715,42,2026-09-16T22:18:17.614595
HKNNRF,binary,3DES and CAST,8kb,160,40,0.45,0.45358056265984653,0.45,0.44724310776942355,0.16188502311706543,42,2026-09-16T22:18:17.783089
MLP,binary,3DES and CAST,8kb,160,40,0.525,0.275625,0.525,0.3614754098360656,26.24903893470764,42,2026-09-16T22:18:44.056172
CNN,binary,3DES and CAST,8kb,160,40,0.525,0.275625,0.525,0.3614754098360656,30.503234148025513,42,2026-09-16T22:19:14.583275
SVM,binary,3DES and RC2,8kb,160,40,0.55,0.5473333333333333,0.55,0.5430946291560103,0.023335933685302734,42,2026-09-16T22:19:14.632265
KNN,binary,3DES and RC2,8kb,160,40,0.5,0.4946666666666667,0.5,0.4923273657289002,0.03540301322937012,42,2026-09-16T22:19:14.694304
RF,binary,3DES and RC2,8kb,160,40,0.5,0.4946666666666667,0.5,0.4923273657289002,0.1279010772705078,42,2026-09-16T22:19:14.849034
HKNNRF,binary,3DES and RC2,8kb,160,40,0.55,0.5482097186700766,0.55,0.5477272727272727,0.6329741477966309,42,2026-09-16T22:19:15.511340
MLP,binary,3DES and RC2,8kb,160,40,0.525,0.275625,0.525,0.3614754098360656,30.616765022277832,42,2026-09-16T22:19:46.136415
CNN,binary,3DES and RC2,8kb,160,40,0.525,0.275625,0.525,0.3614754098360656,24.1834135055542,42,2026-09-16T22:20:10.329913
SVM,binary,Blowfish and CAST,8kb,160,40,0.5,0.4974424552429667,0.5,0.4974747474747474,0.025018930435180664,42,2026-09-16T22:20:10.364427
KNN,binary,Blowfish and CAST,8kb,160,40,0.475,0.4604166666666667,0.475,0.4532258064516129,0.014413833618164062,42,2026-09-16T22:20:10.389254
RF,binary,Blowfish and CAST,8kb,160,40,0.525,0.5291666666666667,0.525,0.524108818011257,0.04810142517089844,42,2026-09-16T22:20:10.443284
HKNNRF,binary,Blowfish and CAST,8kb,160,40,0.575,0.5734375,0.575,0.5709523809523809,0.20389604568481445,42,2026-09-16T22:20:10.654909
MLP,binary,Blowfish and CAST,8kb,160,40,0.0,0.0,0.0,0.0,16.83174753189087,42,2026-09-16T22:20:27.497804
CNN,binary,Blowfish and CAST,8kb,160,40,0.0,0.0,0.0,0.0,29.431984186172485,42,2026-09-16T22:20:56.941122
SVM,binary,Blowfish and RC2,8kb,160,40,0.625,0.625,0.625,0.6214285714285713,0.02282238006591797,42,2026-09-16T22:20:56.976630
KNN,binary,Blowfish and RC2,8kb,160,40,0.55,0.5482097186700766,0.55,0.5477272727272727,0.02183079719543457,42,2026-09-16T22:20:57.009738
RF,binary,Blowfish and RC2,8kb,160,40,0.625,0.625,0.625,0.6214285714285713,0.16773366928100586,42,2026-09-16T22:20:57.204153
HKNNRF,binary,Blowfish and RC2,8kb,160,40,0.525,0.52625,0.525,0.5252970606629143,0.6165120601654053,42,2026-09-16T22:20:57.848449
MLP,binary,Blowfish and RC2,8kb,160,40,0.0,0.0,0.0,0.0,23.787556648254395,42,2026-09-16T22:21:21.647913
CNN,binary,Blowfish and RC2,8kb,160,40,0.0,0.0,0.0,0.0,17.99153757095337,42,2026-09-16T22:21:39.647579
SVM,binary,CAST and RC2,8kb,160,40,0.4,0.4,0.4,0.39090909090909093,0.013516902923583984,42,2026-09-16T22:21:39.669644
KNN,binary,CAST and RC2,8kb,160,40,0.525,0.5238636363636363,0.525,0.5241043368950346,0.013205289840698242,42,2026-09-16T22:21:39.692006
RF,binary,CAST and RC2,8kb,160,40,0.4,0.4,0.4,0.4,0.06171131134033203,42,2026-09-16T22:21:39.762428
HKNNRF,binary,CAST and RC2,8kb,160,40,0.475,0.4784090909090909,0.475,0.474015009380863,0.19287705421447754,42,2026-09-16T22:21:39.962777
MLP,binary,CAST and RC2,8kb,160,40,0.0,0.0,0.0,0.0,15.686906576156616,42,2026-09-16T22:21:55.658709
CNN,binary,CAST and RC2,8kb,160,40,0.0,0.0,0.0,0.0,17.0400550365448,42,2026-09-16T22:22:12.707375
SVM,binary,AES and 3DES,64kb,160,40,0.525,0.5238636363636363,0.525,0.5241043368950346,0.015845537185668945,42,2026-09-16T22:22:12.732396
KNN,binary,AES and 3DES,64kb,160,40,0.45,0.4522556390977444,0.45,0.45,0.015312433242797852,42,2026-09-16T22:22:12.760117
RF,binary,AES and 3DES,64kb,160,40,0.575,0.5741161616161616,0.575,0.574198617221873,0.05394124984741211,42,2026-09-16T22:22:12.823152
HKNNRF,binary,AES and 3DES,64kb,160,40,0.525,0.521875,0.525,0.5204761904761904,0.20714235305786133,42,2026-09-16T22:22:13.037283
MLP,binary,AES and 3DES,64kb,160,40,0.425,0.4233585858585858,0.425,0.4239157762413576,7.326286792755127,42,2026-09-16T22:22:20.373470
CNN,binary,AES and 3DES,64kb,160,40,0.475,0.48303571428571423,0.475,0.45367504835589945,5.325762987136841,42,2026-09-16T22:22:25.708008
SVM,binary,AES and Blowfish,64kb,160,40,0.575,0.5734375,0.575,0.5709523809523809,0.014147520065307617,42,2026-09-16T22:22:25.730484
KNN,binary,AES and Blowfish,64kb,160,40,0.5,0.5051150895140666,0.5,0.49749373433583965,0.01633286476135254,42,2026-09-16T22:22:25.757081
RF,binary,AES and Blowfish,64kb,160,40,0.375,0.37310606060606066,0.375,0.3738214959145192,0.10074281692504883,42,2026-09-16T22:22:25.865070
HKNNRF,binary,AES and Blowfish,64kb,160,40,0.475,0.4660714285714286,0.475,0.46315280464216635,0.17900562286376953,42,2026-09-16T22:22:26.051799
MLP,binary,AES and Blowfish,64kb,160,40,0.0,0.0,0.0,0.0,11.43003225326538,42,2026-09-16T22:22:37.490986
CNN,binary,AES and Blowfish,64kb,160,40,0.0,0.0,0.0,0.0,4.826553583145142,42,2026-09-16T22:22:42.326296
SVM,binary,AES and CAST,64kb,160,40,0.5,0.4914529914529915,0.5,0.484375,0.01703190803527832,42,2026-09-16T22:22:42.352667
KNN,binary,AES and CAST,64kb,160,40,0.425,0.41875,0.425,0.41952380952380947,0.015098810195922852,42,2026-09-16T22:22:42.377582
RF,binary,AES and CAST,64kb,160,40,0.475,0.4660714285714286,0.475,0.46315280464216635,0.05595803260803223,42,2026-09-16T22:22:42.442383
HKNNRF,binary,AES and CAST,64kb,160,40,0.45,0.442,0.45,0.44156010230179027,0.2084636688232422,42,2026-09-16T22:22:42.661846
MLP,binary,AES and CAST,64kb,160,40,0.0,0.0,0.0,0.0,15.318217992782593,42,2026-09-16T22:22:57.987897
CNN,binary,AES and CAST,64kb,160,40,0.05,0.35,0.05,0.0875,5.48507022857666,42,2026-09-16T22:23:03.482052
SVM,binary,AES and RC2,64kb,160,40,0.55,0.5482097186700766,0.55,0.5477272727272727,0.019924163818359375,42,2026-09-16T22:23:03.513968
KNN,binary,AES and RC2,64kb,160,40,0.575,0.5799242424242423,0.575,0.574202626641651,0.013158798217773438,42,2026-09-16T22:23:03.539790
RF,binary,AES and RC2,64kb,160,40,0.625,0.6243686868686869,0.625,0.6242928975487116,0.05640220642089844,42,2026-09-16T22:23:03.602311
HKNNRF,binary,AES and RC2,64kb,160,40,0.5,0.4914529914529915,0.5,0.484375,0.19525384902954102,42,2026-09-16T22:23:03.809785
MLP,binary,AES and RC2,64kb,160,40,0.0,0.0,0.0,0.0,14.672725200653076,42,2026-09-16T22:23:18.493883
CNN,binary,AES and RC2,64kb,160,40,0.0,0.0,0.0,0.0,17.158693075180054,42,2026-09-16T22:23:35.661207
SVM,binary,3DES and Blowfish,64kb,160,40,0.5,0.5051150895140666,0.5,0.49749373433583965,0.01865220069885254,42,2026-09-16T22:23:35.693919
KNN,binary,3DES and Blowfish,64kb,160,40,0.65,0.6597186700767264,0.65,0.6482456140350876,0.011902570724487305,42,2026-09-16T22:23:35.715195
RF,binary,3DES and Blowfish,64kb,160,40,0.4,0.4,0.4,0.4,0.05244326591491699,42,2026-09-16T22:23:35.777395
HKNNRF,binary,3DES and Blowfish,64kb,160,40,0.475,0.4736111111111111,0.475,0.47401005656819617,0.20757389068603516,42,2026-09-16T22:23:35.992404
MLP,binary,3DES and Blowfish,64kb,160,40,0.525,0.275625,0.525,0.3614754098360656,14.569765567779541,42,2026-09-16T22:23:50.570261
CNN,binary,3DES and Blowfish,64kb,160,40,0.525,0.275625,0.525,0.3614754098360656,17.23675274848938,42,2026-09-16T22:24:07.815720
SVM,binary,3DES and CAST,64kb,160,40,0.475,0.4703125,0.475,0.47000000000000003,0.015214920043945312,42,2026-09-16T22:24:07.840281
KNN,binary,3DES and CAST,64kb,160,40,0.5,0.4974424552429667,0.5,0.4974747474747474,0.009206056594848633,42,2026-09-16T22:24:07.857745
RF,binary,3DES and CAST,64kb,160,40,0.55,0.5473333333333333,0.55,0.5430946291560103,0.0419461727142334,42,2026-09-16T22:24:07.907539
HKNNRF,binary,3DES and CAST,64kb,160,40,0.475,0.4703125,0.475,0.47000000000000003,0.20393061637878418,42,2026-09-16T22:24:08.124502
MLP,binary,3DES and CAST,64kb,160,40,0.525,0.275625,0.525,0.3614754098360656,15.71851634979248,42,2026-09-16T22:24:23.852779
CNN,binary,3DES and CAST,64kb,160,40,0.525,0.275625,0.525,0.3614754098360656,17.517534732818604,42,2026-09-16T22:24:41.378908
SVM,binary,3DES and RC2,64kb,160,40,0.5,0.4974424552429667,0.5,0.4974747474747474,0.016764402389526367,42,2026-09-16T22:24:41.409690
KNN,binary,3DES and RC2,64kb,160,40,0.5,0.4974424552429667,0.5,0.4974747474747474,0.015007257461547852,42,2026-09-16T22:24:41.434308
RF,binary,3DES and RC2,64kb,160,40,0.55,0.55,0.55,0.55,0.05891895294189453,42,2026-09-16T22:24:41.499280
HKNNRF,binary,3DES and RC2,64kb,160,40,0.375,0.34375,0.375,0.34907834101382484,0.20637106895446777,42,2026-09-16T22:24:41.713841
MLP,binary,3DES and RC2,64kb,160,40,0.525,0.275625,0.525,0.3614754098360656,15.063141822814941,42,2026-09-16T22:24:56.786188
CNN,binary,3DES and RC2,64kb,160,40,0.525,0.275625,0.525,0.3614754098360656,19.374940872192383,42,2026-09-16T22:25:16.170974
SVM,binary,Blowfish and CAST,64kb,160,40,0.375,0.37689393939393934,0.375,0.3738273921200751,0.015668630599975586,42,2026-09-16T22:25:16.200596
KNN,binary,Blowfish and CAST,64kb,160,40,0.5,0.4974424552429667,0.5,0.4974747474747474,0.01332545280456543,42,2026-09-16T22:25:16.224156
RF,binary,Blowfish and CAST,64kb,160,40,0.525,0.5201923076923076,0.525,0.5142811089619601,0.04811429977416992,42,2026-09-16T22:25:16.279643
HKNNRF,binary,Blowfish and CAST,64kb,160,40,0.45,0.4522556390977444,0.45,0.45,0.2206876277923584,42,2026-09-16T22:25:16.507385
MLP,binary,Blowfish and CAST,64kb,160,40,0.0,0.0,0.0,0.0,15.413044929504395,42,2026-09-16T22:25:31.927698
CNN,binary,Blowfish and CAST,64kb,160,40,0.0,0.0,0.0,0.0,17.270936965942383,42,2026-09-16T22:25:49.207672
SVM,binary,Blowfish and RC2,64kb,160,40,0.4,0.40204603580562653,0.4,0.3969924812030075,0.014703512191772461,42,2026-09-16T22:25:49.232921
KNN,binary,Blowfish and RC2,64kb,160,40,0.5,0.5025062656641603,0.5,0.5,0.01577472686767578,42,2026-09-16T22:25:49.258646
RF,binary,Blowfish and RC2,64kb,160,40,0.4,0.40204603580562653,0.4,0.3969924812030075,0.060595035552978516,42,2026-09-16T22:25:49.327759
HKNNRF,binary,Blowfish and RC2,64kb,160,40,0.475,0.47625,0.475,0.47532833020637905,0.18261289596557617,42,2026-09-16T22:25:49.517805
MLP,binary,Blowfish and RC2,64kb,160,40,0.0,0.0,0.0,0.0,16.110607147216797,42,2026-09-16T22:26:05.635790
CNN,binary,Blowfish and RC2,64kb,160,40,0.0,0.0,0.0,0.0,18.52281928062439,42,2026-09-16T22:26:24.165510
SVM,binary,CAST and RC2,64kb,160,40,0.45,0.45,0.45,0.45,0.013657808303833008,42,2026-09-16T22:26:24.187356
KNN,binary,CAST and RC2,64kb,160,40,0.45,0.45358056265984653,0.45,0.44724310776942355,0.011252880096435547,42,2026-09-16T22:26:24.207182
RF,binary,CAST and RC2,64kb,160,40,0.4,0.4,0.4,0.4,0.06602072715759277,42,2026-09-16T22:26:24.280153
HKNNRF,binary,CAST and RC2,64kb,160,40,0.5,0.4946666666666667,0.5,0.4923273657289002,0.21539020538330078,42,2026-09-16T22:26:24.503120
MLP,binary,CAST and RC2,64kb,160,40,0.0,0.0,0.0,0.0,15.380781173706055,42,2026-09-16T22:26:39.893521
CNN,binary,CAST and RC2,64kb,160,40,0.0,0.0,0.0,0.0,17.96207094192505,42,2026-09-16T22:26:57.865433
SVM,binary,AES and 3DES,256kb,160,40,0.425,0.4276515151515151,0.425,0.423921200750469,0.016150951385498047,42,2026-09-16T22:26:57.896621
KNN,binary,AES and 3DES,256kb,160,40,0.525,0.5238636363636363,0.525,0.5241043368950346,0.015098810195922852,42,2026-09-16T22:26:57.924228
RF,binary,AES and 3DES,256kb,160,40,0.45,0.454,0.45,0.4416666666666666,0.05641937255859375,42,2026-09-16T22:26:57.989438
HKNNRF,binary,AES and 3DES,256kb,160,40,0.5,0.5025062656641603,0.5,0.5,0.20900607109069824,42,2026-09-16T22:26:58.205514
MLP,binary,AES and 3DES,256kb,160,40,0.475,0.4604166666666667,0.475,0.4532258064516129,3.696981430053711,42,2026-09-16T22:27:01.911950
CNN,binary,AES and 3DES,256kb,160,40,0.45,0.4515673981191222,0.45,0.4213541666666666,4.407135725021362,42,2026-09-16T22:27:06.326017
SVM,binary,AES and Blowfish,256kb,160,40,0.425,0.4276515151515151,0.425,0.423921200750469,0.01554107666015625,42,2026-09-16T22:27:06.352600
KNN,binary,AES and Blowfish,256kb,160,40,0.5,0.4974424552429667,0.5,0.4974747474747474,0.013993263244628906,42,2026-09-16T22:27:06.375045
RF,binary,AES and Blowfish,256kb,160,40,0.5,0.5051150895140666,0.5,0.49749373433583965,0.06323528289794922,42,2026-09-16T22:27:06.445888
HKNNRF,binary,AES and Blowfish,256kb,160,40,0.5,0.487460815047022,0.5,0.47333333333333333,0.18702340126037598,42,2026-09-16T22:27:06.644452
MLP,binary,AES and Blowfish,256kb,160,40,0.0,0.0,0.0,0.0,15.623077869415283,42,2026-09-16T22:27:22.278185
CNN,binary,AES and Blowfish,256kb,160,40,0.0,0.0,0.0,0.0,5.812382698059082,42,2026-09-16T22:27:28.117505
SVM,binary,AES and CAST,256kb,160,40,0.5,0.5025062656641603,0.5,0.5,0.05275845527648926,42,2026-09-16T22:27:28.204311
KNN,binary,AES and CAST,256kb,160,40,0.575,0.5741161616161616,0.575,0.574198617221873,0.03889918327331543,42,2026-09-16T22:27:28.271057
RF,binary,AES and CAST,256kb,160,40,0.475,0.47625,0.475,0.47532833020637905,0.15573382377624512,42,2026-09-16T22:27:28.457729
HKNNRF,binary,AES and CAST,256kb,160,40,0.575,0.5770833333333334,0.575,0.5573732718894009,0.6051476001739502,42,2026-09-16T22:27:29.092844
MLP,binary,AES and CAST,256kb,160,40,0.0,0.0,0.0,0.0,24.54837918281555,42,2026-09-16T22:27:53.654528
CNN,binary,AES and CAST,256kb,160,40,0.325,0.273,0.325,0.29673913043478256,8.20751428604126,42,2026-09-16T22:28:01.868989
SVM,binary,AES and RC2,256kb,160,40,0.425,0.4259615384615385,0.425,0.41222222222222216,0.01702141761779785,42,2026-09-16T22:28:01.895654
KNN,binary,AES and RC2,256kb,160,40,0.4,0.40200501253132825,0.4,0.4,0.016605854034423828,42,2026-09-16T22:28:01.922089
RF,binary,AES and RC2,256kb,160,40,0.45,0.45358056265984653,0.45,0.44724310776942355,0.06667900085449219,42,2026-09-16T22:28:01.998431
HKNNRF,binary,AES and RC2,256kb,160,40,0.55,0.5693732193732194,0.55,0.5361892583120205,0.2299668788909912,42,2026-09-16T22:28:02.239690
MLP,binary,AES and RC2,256kb,160,40,0.0,0.0,0.0,0.0,16.094382762908936,42,2026-09-16T22:28:18.343546
CNN,binary,AES and RC2,256kb,160,40,0.0,0.0,0.0,0.0,20.27949833869934,42,2026-09-16T22:28:38.629745
SVM,binary,3DES and Blowfish,256kb,160,40,0.425,0.4276515151515151,0.425,0.423921200750469,0.014828205108642578,42,2026-09-16T22:28:38.654844
KNN,binary,3DES and Blowfish,256kb,160,40,0.6,0.6,0.6,0.6,0.013276338577270508,42,2026-09-16T22:28:38.676964
RF,binary,3DES and Blowfish,256kb,160,40,0.5,0.4974424552429667,0.5,0.4974747474747474,0.05733990669250488,42,2026-09-16T22:28:38.743094
HKNNRF,binary,3DES and Blowfish,256kb,160,40,0.5,0.4946666666666667,0.5,0.4923273657289002,0.20332717895507812,42,2026-09-16T22:28:38.953250
MLP,binary,3DES and Blowfish,256kb,160,40,0.525,0.275625,0.525,0.3614754098360656,15.912782192230225,42,2026-09-16T22:28:54.874890
CNN,binary,3DES and Blowfish,256kb,160,40,0.525,0.275625,0.525,0.3614754098360656,18.08377432823181,42,2026-09-16T22:29:12.967604
SVM,binary,3DES and CAST,256kb,160,40,0.55,0.55,0.55,0.55,0.011896848678588867,42,2026-09-16T22:29:12.987554
KNN,binary,3DES and CAST,256kb,160,40,0.4,0.4,0.4,0.4,0.012315988540649414,42,2026-09-16T22:29:13.012321
RF,binary,3DES and CAST,256kb,160,40,0.525,0.5201923076923076,0.525,0.5142811089619601,0.058913469314575195,42,2026-09-16T22:29:13.079880
HKNNRF,binary,3DES and CAST,256kb,160,40,0.55,0.55,0.55,0.55,0.17457127571105957,42,2026-09-16T22:29:13.260987
MLP,binary,3DES and CAST,256kb,160,40,0.525,0.275625,0.525,0.3614754098360656,15.569507122039795,42,2026-09-16T22:29:28.838118
CNN,binary,3DES and CAST,256kb,160,40,0.5,0.2763157894736842,0.5,0.3559322033898305,17.49992871284485,42,2026-09-16T22:29:46.346862
SVM,binary,3DES and RC2,256kb,160,40,0.55,0.5566496163682865,0.55,0.5477443609022556,0.015078544616699219,42,2026-09-16T22:29:46.374294
KNN,binary,3DES and RC2,256kb,160,40,0.575,0.5734375,0.575,0.5709523809523809,0.011507749557495117,42,2026-09-16T22:29:46.392923
RF,binary,3DES and RC2,256kb,160,40,0.6,0.6,0.6,0.6,0.04630446434020996,42,2026-09-16T22:29:46.446077
HKNNRF,binary,3DES and RC2,256kb,160,40,0.5,0.5025062656641603,0.5,0.5,0.2111821174621582,42,2026-09-16T22:29:46.666881
MLP,binary,3DES and RC2,256kb,160,40,0.525,0.275625,0.525,0.3614754098360656,15.795407056808472,42,2026-09-16T22:30:02.470518
CNN,binary,3DES and RC2,256kb,160,40,0.525,0.275625,0.525,0.3614754098360656,22.421524047851562,42,2026-09-16T22:30:24.904731
SVM,binary,Blowfish and CAST,256kb,160,40,0.575,0.5734375,0.575,0.5709523809523809,0.020272016525268555,42,2026-09-16T22:30:24.938470
KNN,binary,Blowfish and CAST,256kb,160,40,0.7,0.7,0.7,0.7,0.01549839973449707,42,2026-09-16T22:30:24.964073
RF,binary,Blowfish and CAST,256kb,160,40,0.6,0.6,0.6,0.5938618925831202,0.06958580017089844,42,2026-09-16T22:30:25.045190
HKNNRF,binary,Blowfish and CAST,256kb,160,40,0.6,0.5989769820971867,0.6,0.597979797979798,0.25783252716064453,42,2026-09-16T22:30:25.316635
MLP,binary,Blowfish and CAST,256kb,160,40,0.0,0.0,0.0,0.0,18.327123641967773,42,2026-09-16T22:30:43.655338
CNN,binary,Blowfish and CAST,256kb,160,40,0.0,0.0,0.0,0.0,23.397512435913086,42,2026-09-16T22:31:07.058519
SVM,binary,Blowfish and RC2,256kb,160,40,0.525,0.521875,0.525,0.5204761904761904,0.011780261993408203,42,2026-09-16T22:31:07.075167
KNN,binary,Blowfish and RC2,256kb,160,40,0.525,0.5201923076923076,0.525,0.5142811089619601,0.012033939361572266,42,2026-09-16T22:31:07.095592
RF,binary,Blowfish and RC2,256kb,160,40,0.4,0.4,0.4,0.4,0.054224252700805664,42,2026-09-16T22:31:07.156388
HKNNRF,binary,Blowfish and RC2,256kb,160,40,0.6,0.5989769820971867,0.6,0.597979797979798,0.27819395065307617,42,2026-09-16T22:31:07.442961
MLP,binary,Blowfish and RC2,256kb,160,40,0.0,0.0,0.0,0.0,12.908843755722046,42,2026-09-16T22:31:20.363720
CNN,binary,Blowfish and RC2,256kb,160,40,0.0,0.0,0.0,0.0,19.04201102256775,42,2026-09-16T22:31:39.414295
SVM,binary,CAST and RC2,256kb,160,40,0.525,0.54375,0.525,0.505705996131528,0.012221336364746094,42,2026-09-16T22:31:39.441251
KNN,binary,CAST and RC2,256kb,160,40,0.575,0.57625,0.575,0.5752657911194496,0.020503520965576172,42,2026-09-16T22:31:39.473432
RF,binary,CAST and RC2,256kb,160,40,0.525,0.5328125,0.525,0.5205216844751728,0.041117191314697266,42,2026-09-16T22:31:39.519407
HKNNRF,binary,CAST and RC2,256kb,160,40,0.65,0.6597186700767264,0.65,0.6482456140350876,0.15529513359069824,42,2026-09-16T22:31:39.683202
MLP,binary,CAST and RC2,256kb,160,40,0.0,0.0,0.0,0.0,13.696204900741577,42,2026-09-16T22:31:53.389999
CNN,binary,CAST and RC2,256kb,160,40,0.0,0.0,0.0,0.0,26.824302434921265,42,2026-09-16T22:32:20.227241
SVM,binary,AES and 3DES,512kb,160,40,0.5,0.5025062656641603,0.5,0.5,0.025175094604492188,42,2026-09-16T22:32:20.264746
KNN,binary,AES and 3DES,512kb,160,40,0.55,0.5566496163682865,0.55,0.5477443609022556,0.021549701690673828,42,2026-09-16T22:32:20.301867
RF,binary,AES and 3DES,512kb,160,40,0.425,0.4276041666666667,0.425,0.41957888120678816,0.08922982215881348,42,2026-09-16T22:32:20.403718
HKNNRF,binary,AES and 3DES,512kb,160,40,0.475,0.4736111111111111,0.475,0.47401005656819617,0.5181922912597656,42,2026-09-16T22:32:20.945752
MLP,binary,AES and 3DES,512kb,160,40,0.525,0.5238636363636363,0.525,0.5241043368950346,11.876980304718018,42,2026-09-16T22:32:32.850001
CNN,binary,AES and 3DES,512kb,160,40,0.5,0.5025062656641603,0.5,0.5,21.621131896972656,42,2026-09-16T22:32:54.483596
SVM,binary,AES and Blowfish,512kb,160,40,0.5,0.5025062656641603,0.5,0.5,0.02288818359375,42,2026-09-16T22:32:54.518022
KNN,binary,AES and Blowfish,512kb,160,40,0.65,0.65,0.65,0.65,0.01277303695678711,42,2026-09-16T22:32:54.539173
RF,binary,AES and Blowfish,512kb,160,40,0.7,0.7035087719298245,0.7,0.7,0.061859846115112305,42,2026-09-16T22:32:54.608966
HKNNRF,binary,AES and Blowfish,512kb,160,40,0.65,0.6497442455242967,0.65,0.6482323232323232,0.2263631820678711,42,2026-09-16T22:32:54.842841
MLP,binary,AES and Blowfish,512kb,160,40,0.0,0.0,0.0,0.0,16.450998544692993,42,2026-09-16T22:33:11.304278
CNN,binary,AES and Blowfish,512kb,160,40,0.0,0.0,0.0,0.0,6.259939432144165,42,2026-09-16T22:33:17.574554
SVM,binary,AES and CAST,512kb,160,40,0.5,0.5,0.5,0.5,0.022592782974243164,42,2026-09-16T22:33:17.607452
KNN,binary,AES and CAST,512kb,160,40,0.5,0.5,0.5,0.5,0.01320791244506836,42,2026-09-16T22:33:17.629969
RF,binary,AES and CAST,512kb,160,40,0.475,0.4736111111111111,0.475,0.47401005656819617,0.06005430221557617,42,2026-09-16T22:33:17.698303
HKNNRF,binary,AES and CAST,512kb,160,40,0.55,0.5482097186700766,0.55,0.5477272727272727,0.21329736709594727,42,2026-09-16T22:33:17.924239
MLP,binary,AES and CAST,512kb,160,40,0.0,0.0,0.0,0.0,15.813668727874756,42,2026-09-16T22:33:33.747329
CNN,binary,AES and CAST,512kb,160,40,0.0,0.0,0.0,0.0,17.293219327926636,42,2026-09-16T22:33:51.049330
SVM,binary,AES and RC2,512kb,160,40,0.525,0.521875,0.525,0.5204761904761904,0.020799875259399414,42,2026-09-16T22:33:51.091396
KNN,binary,AES and RC2,512kb,160,40,0.525,0.52625,0.525,0.5252970606629143,0.019059419631958008,42,2026-09-16T22:33:51.131255
RF,binary,AES and RC2,512kb,160,40,0.55,0.5482097186700766,0.55,0.5477272727272727,0.05991625785827637,42,2026-09-16T22:33:51.197961
HKNNRF,binary,AES and RC2,512kb,160,40,0.45,0.45,0.45,0.45,0.1854569911956787,42,2026-09-16T22:33:51.390574
MLP,binary,AES and RC2,512kb,160,40,0.0,0.0,0.0,0.0,15.269631624221802,42,2026-09-16T22:34:06.668831
CNN,binary,AES and RC2,512kb,160,40,0.0,0.0,0.0,0.0,17.919763326644897,42,2026-09-16T22:34:24.595198
SVM,binary,3DES and Blowfish,512kb,160,40,0.625,0.6354166666666666,0.625,0.6094470046082949,0.018006086349487305,42,2026-09-16T22:34:24.621345
KNN,binary,3DES and Blowfish,512kb,160,40,0.475,0.4802083333333333,0.475,0.4700502828409805,0.0128326416015625,42,2026-09-16T22:34:24.640604
RF,binary,3DES and Blowfish,512kb,160,40,0.575,0.57625,0.575,0.5752657911194496,0.05060267448425293,42,2026-09-16T22:34:24.700055
HKNNRF,binary,3DES and Blowfish,512kb,160,40,0.5,0.4946666666666667,0.5,0.4923273657289002,0.22058868408203125,42,2026-09-16T22:34:24.927790
MLP,binary,3DES and Blowfish,512kb,160,40,0.525,0.275625,0.525,0.3614754098360656,15.238639116287231,42,2026-09-16T22:34:40.175503
CNN,binary,3DES and Blowfish,512kb,160,40,0.525,0.275625,0.525,0.3614754098360656,17.720335960388184,42,2026-09-16T22:34:57.903496
SVM,binary,3DES and CAST,512kb,160,40,0.6,0.6081841432225064,0.6,0.5979949874686717,0.020712852478027344,42,2026-09-16T22:34:57.933988
KNN,binary,3DES and CAST,512kb,160,40,0.475,0.4736111111111111,0.475,0.47401005656819617,0.017581939697265625,42,2026-09-16T22:34:57.961055
RF,binary,3DES and CAST,512kb,160,40,0.6,0.6030075187969924,0.6,0.6,0.06488871574401855,42,2026-09-16T22:34:58.035190
HKNNRF,binary,3DES and CAST,512kb,160,40,0.475,0.4802083333333333,0.475,0.4700502828409805,0.21254682540893555,42,2026-09-16T22:34:58.257415
MLP,binary,3DES and CAST,512kb,160,40,0.525,0.275625,0.525,0.3614754098360656,15.777042627334595,42,2026-09-16T22:35:14.043601
CNN,binary,3DES and CAST,512kb,160,40,0.525,0.275625,0.525,0.3614754098360656,17.55680513381958,42,2026-09-16T22:35:31.609647
SVM,binary,3DES and RC2,512kb,160,40,0.475,0.47625,0.475,0.47532833020637905,0.025740623474121094,42,2026-09-16T22:35:31.649996
KNN,binary,3DES and RC2,512kb,160,40,0.55,0.55,0.55,0.55,0.015224695205688477,42,2026-09-16T22:35:31.675224
RF,binary,3DES and RC2,512kb,160,40,0.6,0.6081841432225064,0.6,0.5979949874686717,0.0574343204498291,42,2026-09-16T22:35:31.741516
HKNNRF,binary,3DES and RC2,512kb,160,40,0.5,0.5,0.5,0.5,0.20813202857971191,42,2026-09-16T22:35:31.956875
MLP,binary,3DES and RC2,512kb,160,40,0.525,0.275625,0.525,0.3614754098360656,14.4862699508667,42,2026-09-16T22:35:46.452345
CNN,binary,3DES and RC2,512kb,160,40,0.525,0.275625,0.525,0.3614754098360656,16.930037260055542,42,2026-09-16T22:36:03.391847
SVM,binary,Blowfish and CAST,512kb,160,40,0.475,0.4703125,0.475,0.47000000000000003,0.0232391357421875,42,2026-09-16T22:36:03.425107
KNN,binary,Blowfish and CAST,512kb,160,40,0.55,0.5527568922305764,0.55,0.55,0.016122817993164062,42,2026-09-16T22:36:03.450011
RF,binary,Blowfish and CAST,512kb,160,40,0.725,0.7366758241758242,0.725,0.7187943262411347,0.0484468936920166,42,2026-09-16T22:36:03.504545
HKNNRF,binary,Blowfish and CAST,512kb,160,40,0.475,0.4604166666666667,0.475,0.4532258064516129,0.21293878555297852,42,2026-09-16T22:36:03.724357
MLP,binary,Blowfish and CAST,512kb,160,40,0.0,0.0,0.0,0.0,16.056549072265625,42,2026-09-16T22:36:19.790653
CNN,binary,Blowfish and CAST,512kb,160,40,0.0,0.0,0.0,0.0,18.753544330596924,42,2026-09-16T22:36:38.551169
SVM,binary,Blowfish and RC2,512kb,160,40,0.575,0.57625,0.575,0.5752657911194496,0.01502680778503418,42,2026-09-16T22:36:38.573034
KNN,binary,Blowfish and RC2,512kb,160,40,0.575,0.5799242424242423,0.575,0.574202626641651,0.013580560684204102,42,2026-09-16T22:36:38.594011
RF,binary,Blowfish and RC2,512kb,160,40,0.625,0.625,0.625,0.6214285714285713,0.05405735969543457,42,2026-09-16T22:36:38.655486
HKNNRF,binary,Blowfish and RC2,512kb,160,40,0.65,0.65,0.65,0.65,0.20260024070739746,42,2026-09-16T22:36:38.864843
MLP,binary,Blowfish and RC2,512kb,160,40,0.0,0.0,0.0,0.0,15.215670347213745,42,2026-09-16T22:36:54.090243
CNN,binary,Blowfish and RC2,512kb,160,40,0.0,0.0,0.0,0.0,17.66875648498535,42,2026-09-16T22:37:11.768270
SVM,binary,CAST and RC2,512kb,160,40,0.425,0.4276041666666667,0.425,0.41957888120678816,0.0198061466217041,42,2026-09-16T22:37:11.798240
KNN,binary,CAST and RC2,512kb,160,40,0.45,0.45,0.45,0.45,0.012506961822509766,42,2026-09-16T22:37:11.817492
RF,binary,CAST and RC2,512kb,160,40,0.425,0.3875,0.425,0.38651115618661264,0.07067298889160156,42,2026-09-16T22:37:11.895689
HKNNRF,binary,CAST and RC2,512kb,160,40,0.475,0.4784090909090909,0.475,0.474015009380863,0.1747758388519287,42,2026-09-16T22:37:12.077303
MLP,binary,CAST and RC2,512kb,160,40,0.0,0.0,0.0,0.0,15.237305879592896,42,2026-09-16T22:37:27.323851
CNN,binary,CAST and RC2,512kb,160,40,0.0,0.0,0.0,0.0,17.833840131759644,42,2026-09-16T22:37:45.164621
SVM,binary,3DES and Blowfish,1kb,160,40,0.4,0.4,0.4,0.4,0.013330459594726562,42,2026-09-16T22:46:02.816993
KNN,binary,3DES and Blowfish,1kb,160,40,0.45,0.45,0.45,0.45,0.012591361999511719,42,2026-09-16T22:46:02.837100
RF,binary,3DES and Blowfish,1kb,160,40,0.5,0.5025062656641603,0.5,0.5,0.04699873924255371,42,2026-09-16T22:46:02.892011
HKNNRF,binary,3DES and Blowfish,1kb,160,40,0.475,0.4802083333333333,0.475,0.4700502828409805,2.14548659324646,42,2026-09-16T22:46:05.043934
MLP,binary,3DES and Blowfish,1kb,160,40,0.525,0.275625,0.525,0.3614754098360656,14.660352230072021,42,2026-09-16T22:46:19.717470
CNN,binary,3DES and Blowfish,1kb,160,40,0.525,0.275625,0.525,0.3614754098360656,16.361676692962646,42,2026-09-16T22:46:36.085117
SVM,binary,Blowfish and CAST,1kb,160,40,0.45,0.4522556390977444,0.45,0.45,0.013843059539794922,42,2026-09-16T22:46:36.107104
KNN,binary,Blowfish and CAST,1kb,160,40,0.375,0.3671875,0.375,0.36904761904761896,0.009020566940307617,42,2026-09-16T22:46:36.123426
RF,binary,Blowfish and CAST,1kb,160,40,0.525,0.5238636363636363,0.525,0.5241043368950346,0.051552772521972656,42,2026-09-16T22:46:36.179468
HKNNRF,binary,Blowfish and CAST,1kb,160,40,0.525,0.52625,0.525,0.5252970606629143,0.13520383834838867,42,2026-09-16T22:46:36.319671
MLP,binary,Blowfish and CAST,1kb,160,40,0.0,0.0,0.0,0.0,13.643117427825928,42,2026-09-16T22:46:49.972061
CNN,binary,Blowfish and CAST,1kb,160,40,0.0,0.0,0.0,0.0,16.50913643836975,42,2026-09-16T22:47:06.490869
SVM,binary,Blowfish and RC2,1kb,160,40,0.55,0.5527568922305764,0.55,0.55,0.01930403709411621,42,2026-09-16T22:47:06.520569
KNN,binary,Blowfish and RC2,1kb,160,40,0.6,0.6034188034188034,0.6,0.5875,0.013422250747680664,42,2026-09-16T22:47:06.540682
RF,binary,Blowfish and RC2,1kb,160,40,0.525,0.5175,0.525,0.4932048681541582,0.04144787788391113,42,2026-09-16T22:47:06.588063
HKNNRF,binary,Blowfish and RC2,1kb,160,40,0.45,0.442,0.45,0.44156010230179027,0.1482677459716797,42,2026-09-16T22:47:06.741379
MLP,binary,Blowfish and RC2,1kb,160,40,0.0,0.0,0.0,0.0,14.123193502426147,42,2026-09-16T22:47:20.869740
CNN,binary,Blowfish and RC2,1kb,160,40,0.0,0.0,0.0,0.0,15.554579734802246,42,2026-09-16T22:47:36.429550
SVM,binary,CAST and RC2,1kb,160,40,0.65,0.6532581453634085,0.65,0.65,0.016366243362426758,42,2026-09-16T22:47:36.451917
KNN,binary,CAST and RC2,1kb,160,40,0.625,0.6243686868686869,0.625,0.6242928975487116,0.007031917572021484,42,2026-09-16T22:47:36.463504
RF,binary,CAST and RC2,1kb,160,40,0.5,0.4974424552429667,0.5,0.4974747474747474,0.041181087493896484,42,2026-09-16T22:47:36.510170
HKNNRF,binary,CAST and RC2,1kb,160,40,0.575,0.57625,0.575,0.5752657911194496,0.17920851707458496,42,2026-09-16T22:47:36.698250
MLP,binary,CAST and RC2,1kb,160,40,0.0,0.0,0.0,0.0,13.830698490142822,42,2026-09-16T22:47:50.538989
CNN,binary,CAST and RC2,1kb,160,40,0.0,0.0,0.0,0.0,15.36387825012207,42,2026-09-16T22:48:05.911973
